@id,@lon,@lat,amenity,name,cuisine,opening_hours,takeaway,delivery,payment,phone,website
309894643,21.4315704,41.9953933,restaurant,Пелистер,italian,Mo-Th 07:00-00:00; Fr-Sa 07:00-01:00; Su 10:30-00:00,,,,,https://www.pelisterhotel.com.mk/
310289760,21.4167030,42.0001541,cafe,Broz Cafe,,,,,,,
382645252,22.0215553,41.4347276,restaurant,Brioni,,,,,,,
382645390,22.0204395,41.4344573,restaurant,,,,,,,,
382650535,22.0110153,41.4372049,cafe,Total,,,,,,,
382650733,22.0110601,41.4370270,cafe,Roma,,,,,,,
386703438,22.0131384,41.4352466,cafe,Blue Cafe,,,,,,,
386704854,22.0104295,41.4398268,cafe,Picaso,,,,,,,
386705447,22.0115107,41.4412063,restaurant,Ramazzoti,,,,,,,
386705584,22.0096102,41.4410295,restaurant,Exclusive,,,,,,,
393755446,22.7220346,41.1844141,restaurant,Фук Так,fish;grill,,,,,,
411006922,21.4140669,41.9947432,restaurant,Интермецо,,,,,,,
411008299,21.4232268,41.9948867,cafe,Benneton,,,,,,,
411008532,21.4230113,41.9948604,cafe,AMG,,,,,,,
411009859,21.4253358,41.9955693,cafe,Strip,,,,,,,
411634092,21.2485747,41.3681010,restaurant,Скар,italian_pizza;regional;balkan,,,,,,
411634094,21.2486257,41.3681312,restaurant,Бенетон,,,,,,,
411634097,21.2483529,41.3679722,cafe,Олд Скул,,,,,,,
414619170,21.2151321,41.5065603,restaurant,Cardak,chicken;diner;regional;pancake;sausage;coffee_shop;ice_cream;balkan;mediterranean;burger;fish;breakfast;grill,Mo-Su 08:00-02:00,,,,+38978420959,
414619172,21.2177087,41.5075223,restaurant,Lisec,,,,,,,
414619173,21.2168806,41.5069813,cafe,First,,,,,,,
414619174,21.2163903,41.5067247,cafe,Кафе Бар Ш,,,,,,,
414620827,21.2165604,41.5133537,cafe,Kardinal,,,,,,,
419115353,21.2442677,41.5410660,restaurant,Пешна,fish,,,,,,www.pesnamotel.com.mk
419829216,22.0111128,41.4412564,restaurant,Kico,,,,,,,
419829221,22.0135418,41.4407867,restaurant,Riben restorant,,,,,,,
419829868,22.0116142,41.4331716,restaurant,Aleksandrija,regional,,,,,,
423804306,21.2160292,41.5081589,restaurant,Kaj Mame,,,,,,,
427013440,22.0121336,41.4411582,restaurant,Spandja,,,,,,,
429175192,21.4438183,41.9768256,restaurant,Журнал,,,,,,,
441057694,21.4082395,42.0051454,cafe,Cafeteria,,,,,,,
442545329,22.4125757,41.9153534,restaurant,Пролет,,,,,,,
444360934,22.4062744,41.9596507,restaurant,Градче,regional,,,,,,
444537208,22.4105571,41.9173917,cafe,Класик,,,,,,,
444537212,22.4107281,41.9176649,cafe,Delikates Cafe,,,,,,,
444695321,22.4079546,41.9562370,restaurant,,,,,,,,
444695322,22.4072357,41.9639856,restaurant,,,,,,,,
444695367,22.6230389,41.8339517,restaurant,Ribnik Blatec,,,,,,,
444695368,22.6240690,41.8335250,restaurant,,,,,,,,
445422613,21.4871217,42.0072516,restaurant,Hunter’s Lodge “Kamnik”,steak_house,,,,,,http://www.kamnik.com.mk/
459666031,21.4139237,42.0069784,cafe,,,,,,,,
459668143,21.4307036,42.0047876,restaurant,Под Кале,,,,,,,
459668914,21.4342799,41.9943261,restaurant,Кај Џино,italian,Mo 08:00-24:00  Tu We Fr Sa 09:00-24:00  Th 09:00-23:00  Su 09:00-01:00,,,,+389 2 3121109,http://www.restorangino.mk/
459669063,21.4350117,41.9952456,restaurant,Плаза де Торос,latin_american,,,,,,
459670767,21.4310013,41.9952414,cafe,Caffe Skopje,,Mo-Su 08:00-23:00,,,,,
459670881,21.4298360,41.9926530,cafe,Play Cafe,,Mo-Su 09:00-21:00,,,,,
459672751,21.4164328,41.9939731,cafe,,,,,,,,
459673240,21.4162239,41.9934306,cafe,9,,,,,,,
459752642,21.4373453,41.9984414,cafe,Bistro Opera Pub,,24/7,,,,,
459801246,21.3999451,42.0031059,cafe,Мартини,,,,,,,
459802458,21.4159604,42.0047028,cafe,Бугати,,,,,,,
461655652,22.6502444,41.4392415,restaurant,Luna 2,,,,,,,
461659372,22.6389491,41.4389263,cafe,City Cafe,,,,,,,
461659456,22.6390517,41.4390994,cafe,Inside Cafe,,,,,,,
461659572,22.6390002,41.4390286,cafe,Inside Cafe,,,,,,,
461660689,22.6377990,41.4397692,cafe,Extreme Cafe,,,,,,,
461660729,22.6377556,41.4397043,cafe,PR Cafe,,,,,,,
461660842,22.6378848,41.4395247,cafe,Cafe 19,,,,,,,
470029606,22.3362079,42.2056104,cafe,Galerija,,Mo-Su 09:00-01:00,,,,,
470029612,22.3365517,42.2058845,cafe,Fashion cafe,,Mo-Su 08:00-01:00,,,,,
477689620,22.0953457,41.4895975,restaurant,Rubiko,regional,,,,,,
477689674,21.9522494,41.5237914,restaurant,Kaj Zika,regional,,,,,,
478041022,22.0136796,41.4337258,restaurant,Makedonska Kuka,regional,,,,,,
481098096,21.3995191,42.0031464,restaurant,Енрико,italian,,,,,,
482083934,21.5539309,41.3452345,cafe,Вирус,,,,,,,
482513381,21.5541527,41.3456817,cafe,Тејк Фајв,,,,,,,
483316799,21.5536992,41.3453183,cafe,Ди Каприо,,,,,,,
497549476,22.8645000,41.6980200,restaurant,Мило,,,,,,,
497549481,22.8598500,41.7039600,restaurant,Ристово Меанче 2,,,,,,,
497549483,22.8571233,41.7045671,restaurant,Мрс,,,,,,,
499932154,22.9354984,41.7301724,restaurant,Дивине,,,,,,,
499972062,22.8568848,41.7061350,cafe,,,,,,,,
499972063,22.8569192,41.7060133,cafe,,,,,,,,
499972064,22.8570994,41.7060838,cafe,,,,,,,,
499972065,22.8570737,41.7062055,cafe,,,,,,,,
521505926,22.0187521,41.4389417,restaurant,Moneta,,,,,,,
528996470,20.7819982,40.9615847,restaurant,Сен Тропе,,,,,,,
529811246,22.0167719,41.4343878,cafe,Light Cofee,,,,,,,
555008847,22.7242971,41.1807110,restaurant,Нота,fish,,,,,,
555023959,20.6762151,41.1769374,restaurant,Т'ГА ЗА ЈУГ,regional,,,,,,
572366400,20.6767950,41.1778398,restaurant,Bonaca,,,,,,,
572386052,20.6763146,41.1776197,cafe,Leone,,,,,,,
577538782,21.4349372,42.0198926,restaurant,Prince,,,,,,,
600905655,21.3926682,42.0028498,restaurant,Две капки,,,,,,,
696669231,21.4368796,41.9869006,restaurant,иВ,,,,,,,
837180282,21.3533345,41.0364578,restaurant,Арена,,,,,,,
908273433,21.4367576,42.0003099,restaurant,Туpиcт,regional,,,,,,
911173351,22.0333387,41.3970220,restaurant,Tropic,,,,,,,
911176033,22.0046380,41.4347168,restaurant,Moskva,,,,,,,
990397203,22.1926393,41.7427284,cafe,Angel's Caffe,,,,,,,
1012247331,21.1874306,42.1656891,restaurant,LUMA,burger,,,,,,
1021423924,20.9731075,42.0080851,restaurant,Maestro Cafe,,,,,,,
1088079193,22.3331186,41.8823767,restaurant,,,,,,,,
1092272132,21.3510028,42.0064872,restaurant,,,,,,,,
1132688809,21.3274583,41.9953819,restaurant,River Side Garden,international,,,,,+38970890606,
1233405188,22.8383014,41.7381241,cafe,miss Stoun,,,,,,,
1355292490,21.4172620,42.0009888,cafe,Кафе Змија,,,,,,,
1355306911,21.4175044,42.0007963,cafe,Кафе Филипос,coffee_shop,,,,,,
1371716593,21.4122694,41.9979155,restaurant,Топаз,,,,,,,
1372568001,21.3989291,42.0008550,restaurant,Веки,,,,,,,
1377184494,21.4960141,42.0013936,restaurant,Велково Меанче,,,,,,,
1378130151,21.4390455,41.9841333,restaurant,Чешма,,,,,,,
1378130158,21.4391421,41.9832440,restaurant,,,,,,,,
1378228324,21.4455687,41.9710708,restaurant,Ресторан Трпеза,,,,,,,
1378228333,21.4385091,41.9787578,restaurant,Ресторан Кум,,,,,,,
1380378665,21.4078483,41.9997295,restaurant,Рустикана,burger;regional;breakfast;grill;mediterranean;balkan;chicken;kebab,Mo-Su 10:00-00:00,,,,+38971383382,
1380378702,21.4159820,41.9985008,restaurant,Боеми,,,,,,,
1475328750,21.3462963,42.0464013,restaurant,Restoran Tomi,regional,,,,,,
1475384945,21.3469347,42.0455608,restaurant,,,,,,,,
1475388232,21.3508185,42.0299906,restaurant,Meraklii,regional,,,,,,
1475388233,21.3479915,42.0313055,cafe,,,,,,,,
1475404511,21.3651275,42.0069568,restaurant,,,,,,,,
1506640739,21.4700306,41.5910530,restaurant,Ѕидан Мост,,,,,,,
1507082600,21.2191049,41.0331866,restaurant,,,,,,,,
1507250217,21.1183781,40.8595203,restaurant,,,,,,,,
1535266560,21.4820381,41.9782792,restaurant,Ресторан Рагуза 919,,,,,,,
1577483516,21.3975417,42.0035286,restaurant,Старо Буре,international,,,,,,
1577485951,21.3741187,42.0065185,restaurant,62,regional,,,,,,
1596475596,22.0228438,41.4334495,restaurant,Винска Куќа,regional,,,,,,
1615830879,21.3983460,42.0034224,cafe,Fluid,,,,,,,
1634933708,21.7753509,41.7170862,restaurant,Снупи,,,,,,,
1660208191,21.3528594,41.0364490,restaurant,Аражок,,,,,,,
1660208193,21.3539109,41.0364490,restaurant,Балукс,,,,,,,
1674866746,22.5045562,41.1651121,restaurant,Јавор Џоко,,,,,,,
1676857177,21.4871492,41.9843967,restaurant,Рибен ресторан Рибар (Одисеја),fish,,,,,,
1682245572,21.1628707,40.9077301,restaurant,,,,,,,,
1682245853,21.1140261,41.0661743,cafe,,,,,,,,
1704390070,20.9568436,41.5108813,cafe,Republika,,,,,,,
1704390079,20.9637041,41.5129174,cafe,,,,,,,,
1704390096,20.9622235,41.5126282,restaurant,,,,,,,,
1704390097,20.9578247,41.5098564,restaurant,,,,,,,,
1704390100,20.9588224,41.5114391,cafe,,,,,,,,
1710570935,21.7755708,41.7170863,cafe,,,,,,,,
1710571027,21.7777592,41.7176653,restaurant,Снупи,,,,,,,
1710571117,21.7775232,41.7176332,restaurant,Официрски,,,,,,,
1712601384,21.7842383,41.7153245,restaurant,Сина Сала,,,,,,,
1712601392,21.7842139,41.7154688,restaurant,Розе Сала,,,,,,,
1734513473,21.3337137,42.0066455,restaurant,,,,,,,,
1734513478,21.3362989,42.0073873,restaurant,,,,,,,,
1734530400,21.3651314,42.0067805,restaurant,,,,,,,,
1747649203,21.4151525,41.9946274,restaurant,Крчма,,,,,,,
1748017584,21.4204907,41.9904847,restaurant,Marana,regional,,yes,,,,
1751563134,21.4245254,41.9947645,restaurant,Pastel Wine & Dine,international,Mo-Fr 06:30-21:00; Sa 06:30-17:00; Su 06:30-16:00,yes,,,+389 2 3214447,http://pastel.mk/
1752178268,21.4163482,41.9922398,restaurant,511,italian,,,,,,
1752184797,21.4091295,41.9972910,cafe,Ли,coffee_shop,,,,,,
1752186795,21.4086601,41.9972291,restaurant,Акорд,,,,,,,
1762408159,21.7184480,42.1342900,cafe,Зафир,,,,,,,
1762412847,21.7189898,42.1342820,cafe,Irish Pub,,,,,,,
1762413887,21.7187383,42.1361779,cafe,Нама Кафе,,,,,,,
1768193993,21.7204006,42.1365224,restaurant,Баба Цана,,,,,,,
1770866402,21.4207447,41.9987097,restaurant,Пицерија Либертас,pizza,,,,,+38970567295,
1776012307,21.7318423,42.1235585,restaurant,Корнер,,,,,,,
1779783561,21.7189408,42.1341627,cafe,Франш,,,,,,,
1790311348,22.8195840,41.3811426,restaurant,Ресторан СОНЦЕ - Restaurant SONCE,regional,,,,,,
1790324208,22.8124860,41.3766989,cafe,,,,,,,,
1790358588,22.8155652,41.3818009,restaurant,,,,,,,,
1790358591,22.7984820,41.3790614,restaurant,,,,,,,,
1791514947,22.8810812,41.4130818,restaurant,,,,,,,,
1791514950,22.8820790,41.4128968,restaurant,,,,,,,,
1791514952,22.8808076,41.4126312,restaurant,,,,,,,,
1791534874,22.7547196,41.3827929,restaurant,,,,,,,,
1791588304,22.6256610,41.4072696,restaurant,,,,,,,,
1791598024,22.6991213,41.2271802,restaurant,Хотел Иштатов,,,,,,,
1791598062,22.7425087,41.1725775,restaurant,,,,,,,,
1794219941,21.7181577,42.1317263,restaurant,Рим-Париз,,,,,,,
1828592889,21.9748986,41.5502944,cafe,Стоби,,,,,,,
1848409293,21.4456487,41.9775109,restaurant,Ексклузив,,,,,,,
1850422186,21.4506950,42.0523407,restaurant,,,,,,,,
1850489869,21.4514149,42.0578588,restaurant,Ресторан „Александар“,,,,,,,
1850511008,21.4484000,42.0582551,cafe,Royal,,,,,,,
1850511013,21.4502266,42.0601350,cafe,Шема,,,,,,,
1850521527,21.4523161,42.0537503,restaurant,Дарвик,,,,,,,
1851476126,21.4504664,41.9915282,cafe,Red Caffe,,,,,,,
1857486052,21.4647397,42.0019716,restaurant,Тица - Елени,barbecue,,,,,,
1860123667,21.4650824,42.0019424,restaurant,,barbecue,,,,,,
1860365710,21.4644629,42.0026068,cafe,Аристократ кафе,,,,,,,
1867176020,21.4304595,41.9957062,restaurant,Тренд,international,,,,,,
1868776879,21.4036050,42.0092296,cafe,Outlet Concept Store,,,,,,,
1868812117,21.4204158,41.9987513,restaurant,Дестан,barbecue,Mo-Su 09:00-23:00,,,,+38923127324,https://destan.mk/pocetna/
1868812169,21.3995909,42.0034064,restaurant,Ана Кристи,barbecue,,,,,,
1868933572,21.3992299,42.0017742,restaurant,Фотка,macedonian,,,,,,
1874196851,22.3532041,42.0371055,restaurant,Осоговски Бисер,regional,,,,,,
1876583691,21.4768613,41.9897212,cafe,Кафе Писта,,,,,,,
1876584011,21.4758817,41.9894222,cafe,Кафе Мамбо,,,,,,,
1911713227,22.2263765,41.4106825,restaurant,,regional,,,,,,
1911952177,22.1994416,41.1775397,restaurant,Момина Чука,regional,,,,,,
1911952203,22.2108324,41.1690988,restaurant,Марково Бачило,regional,,,,,,
1919413204,22.4698529,41.6337176,restaurant,Restoran Shampion,,,,,,,
1920228869,22.1639057,42.1826707,restaurant,Park,fish,,,,,,
1920229092,22.0980414,42.1712493,restaurant,Гого Монд,fish,,,,,,
1927095420,22.1937687,41.7376171,restaurant,Piaza Liberta,,,,,,,
1969643792,21.2205193,41.6150472,restaurant,Извор,fish,,,,,,
1985948203,21.4165220,41.9922245,restaurant,Balila,italian,,,,,,
1995773090,21.7187933,42.1343519,cafe,Корзо,,,,,,,
1999633538,21.4280088,41.9913688,restaurant,Бифиња - Рамстор,,,,,,,
1999950854,22.2452001,41.4084933,restaurant,Urban Grill,grill;regional,,,,,,
1999950860,22.2432474,41.4098411,restaurant,Kaj Kole,,,,,,,
1999950870,22.2439153,41.4092999,restaurant,Lovec,pizza;regional,,,,,,
1999950889,22.2329754,41.4141902,restaurant,Queen Maria,,,,,,,
2004975256,21.4659543,41.9851089,cafe,,,,,,,,
2054895230,21.4324491,41.9950653,cafe,Up Cafe,,Mo-Sa 08:00-18:00,,,,,
2105387352,21.4252581,42.0001581,restaurant,Бруклински,,,,,,+389 2 6091844,
2159535851,21.4347685,41.9953199,restaurant,Бела виста,international,10:00-24:00  Fr-Sa 10:00-01:00,,,,,www.bellavistaskopje.mk
2183842282,20.6790916,41.1783994,cafe,EMPIRE,,,,,,,
2248576375,20.8544996,41.6714632,restaurant,Стража,,,,,,,
2276498829,21.4093297,41.9959130,cafe,,,,,,,,
2292333295,21.5546262,41.3459768,restaurant,Каспер,,,,,,,
2292437665,21.5543097,41.3453989,restaurant,Пинк Пантер,,,,,,,
2292486455,21.5543797,41.3460137,restaurant,Парадизо,,,,,,,
2294320125,21.4080594,41.9931670,restaurant,Два Елена,,,,,,,
2298054794,21.3722969,42.0071574,cafe,Badu,,,,,,,
2316032925,20.8016318,41.0764180,restaurant,Македонска куќа,,,,,,,
2316119134,22.4104224,41.9176668,restaurant,Капри,,,,,,,
2316137207,21.3363912,41.0275814,cafe,Кафе Пајтон,,,,,,,
2316156248,21.3356564,41.0295644,restaurant,Pizza Metro,pizza,,,,,,
2316156266,21.3371290,41.0248295,cafe,Cafe Bar Touch,,,,,,,
2316156269,21.3366193,41.0257036,cafe,Art Cafе,,,,,,,
2316156270,21.3365818,41.0247991,cafe,Globaltech,,,,,,,
2316156279,21.3368286,41.0256207,restaurant,Пицерија Лео,,,,,,,
2316156281,21.3365737,41.0246534,cafe,Internet Club Alex,,,,,,,
2320912360,22.4104385,41.9172558,restaurant,Aquarium,,,,,,,
2320912388,22.4105004,41.9175900,cafe,Уни Пуб,,,,,,,
2320912411,22.4105147,41.9175044,cafe,Пикадили,,,,,,,
2320912421,22.4102588,41.9180760,restaurant,Balkanlux,,,,,,,
2320923929,22.4101783,41.9187207,restaurant,Bakery Kamel,,,,,,,
2322886873,21.4302915,41.9952825,restaurant,Арабеска,regional,,,,,,
2324290153,21.3323916,42.0033910,restaurant,Ореов Лад,macedonian,,,,,,
2324482598,22.5037713,41.1404895,restaurant,,,,,,,,
2330740196,21.2484945,41.3683487,cafe,Планет,,,,,,,
2333163643,21.2993843,41.9502955,restaurant,Кањон Матка,regional,,,,,,
2334423406,21.2961533,41.9610975,restaurant,Манастирска пештера,regional,,,,,,
2349862721,21.1002960,42.1441306,restaurant,,,,,,,,
2357239839,20.9594822,41.5118075,restaurant,Gallery,italian;pizza;regional,,,,,,
2360748743,22.5011779,41.1460470,restaurant,ТДЦ-3,,,,,,,
2377937978,20.8123651,41.1084477,restaurant,Restoran Gros,,,,,,,
2377938382,20.8148703,41.1028959,restaurant,Ресторан Билјанини Извори,,,,,,,
2377968940,20.7995188,41.1131665,cafe,Два бисера,,,,,,,
2377968948,20.7992346,41.1131208,cafe,Milenium,,,,,,,
2377968960,20.8086261,41.1127562,restaurant,,,,,,,,
2377968987,20.8091572,41.1120004,restaurant,,,,,,,,
2377969086,20.7991420,41.1130197,cafe,Slavica Kafe,,,,,,,
2377969191,20.7990978,41.1129743,cafe,Instinct,,,,,,,
2377969197,20.7992077,41.1130834,cafe,Galerija,,,,,,,
2377969305,20.7987652,41.1126257,restaurant,,,,,,,,
2377969339,20.7990480,41.1129098,cafe,ВЛАДИ,,,,,,,
2377969373,20.8079475,41.1041510,restaurant,,,,,,,,
2387561655,20.9508952,41.5115542,restaurant,Atva,regional,,,,,,
2406002719,22.6452777,41.4378354,restaurant,Вкус,regional,,,,,,
2411306190,22.4963093,41.1622759,restaurant,Јавор Агапи,,,,,,,
2411329687,21.4117168,42.0131608,restaurant,Фиш,fish,,,,,,
2465901189,22.6328921,41.4352537,restaurant,Loven Dom,regional,,,,,,
2477123089,21.8625680,42.1574944,restaurant,Етно Село,regional,,,,,,
2477129912,21.8645555,42.1324603,restaurant,Fratelis,fish,,,,,,
2535205987,22.0130335,41.4327641,restaurant,Buki,,,,,,,
2539581007,21.4462340,41.9734649,cafe,Quatro Caffe,,,,,,,
2539581507,21.4456656,41.9732771,cafe,Bass Cafe,,,,,,,
2557554508,22.9422359,41.7297622,restaurant,Идила,,,,,,,
2574272022,22.3059103,42.1902652,restaurant,Борче,regional,,,,,,
2574272026,22.3089155,42.1922890,restaurant,Облаче,regional,,,,,,
2578029326,22.3466279,42.2123127,restaurant,македонија,regional,,,,,,
2580192144,21.4727082,41.9650429,restaurant,Градина,,,,,,,
2759066732,20.8011769,41.1123103,restaurant,Белведере,regional,,,,,,
2814545377,21.4308204,41.9955477,cafe,Bocata,,Mo-Su 08:00-23:00,,,,,
2814545378,21.4308588,41.9949424,cafe,Coffee Factory 2,,Mo-Sa 08:00-01:00,,,,,
2818872887,21.4145137,42.0051241,restaurant,Сокаче,,08:00 - 00:00,,,,,
2835853871,20.9586380,41.9861550,restaurant,Emka,regional,,,,,,
2836787194,20.9426914,42.0062579,restaurant,,,,,,,,
2883877894,21.4534598,41.9885844,cafe,Палма,,,,,,,
2883877896,21.4522729,41.9914536,restaurant,Every Day,,,,,,,
2891531722,22.5889401,42.0244107,restaurant,Шизик,,,,,,,
2891533000,22.5876630,42.0179585,restaurant,Osmica,regional,,,,,,
2891537201,22.5914449,42.0170338,restaurant,Kaj Govedoto Restaurant,balkan;regional,,yes,no,,,
2893230086,21.4578943,41.0416246,restaurant,,,,,,,,
2893639221,22.5893701,42.0217484,cafe,Клиф,,,,,,,
2893639222,22.5892057,42.0218468,cafe,Delirium,,Mo-Su 08:00-24:00,,,,,
2905985671,22.5886582,42.0178835,restaurant,Shizik Restaurant,regional;pizza;kebab;chicken,,yes,yes,,,
2905985814,22.5899229,42.0195336,restaurant,Koko Restaurant,kebab;regional;barbecue,,,yes,,,
2905985815,22.5900047,42.0218590,cafe,District Lounge Bar,,Mo-Su 08:00-24:00,,,,,
2918525856,20.9744776,41.8379148,cafe,,,,,,,,
2918533769,20.9743998,41.8377412,cafe,Боси,,,,,,,
2984088703,20.8016787,41.0678423,restaurant,Prestol,,07:00-21:00,,,,+389 46277858,http://www.hotelprestol.com
2992064333,20.8009009,41.0666434,restaurant,Granit,,,,,,+389 46207100,http://www.hotelgranit.com.mk
2992591829,21.4370632,42.0017629,cafe,Mon Frere,Coffee _Tea _cold_drinks,Mo-Su 08:00-23:00,,,,,
3005348015,20.8006074,41.1163875,restaurant,,,,,,,,
3005348016,20.8002909,41.1163410,restaurant,Meydan,,,,,,,
3005353406,20.7967146,41.1118183,cafe,Кадмо-бар,,,,,,,
3020876346,21.3236858,42.0597023,restaurant,Старо Буре,,,,,,,
3022305008,22.3355446,42.2022003,cafe,Select Caffe,,Mo-Su 08:00-01:00,,,,,
3026939349,20.5993210,41.6107279,restaurant,,,,,,,,
3026939356,20.7583652,41.7030313,restaurant,,,,,,,,
3062640565,21.2643690,41.0314361,restaurant,,regional,,,,,,
3076974736,20.7716110,40.9180328,cafe,,,,,,,,
3085981445,20.8031982,41.0459402,restaurant,Dva Bisera,Spécialités_Locales,,,,,,
3098482741,20.9586946,41.5092313,cafe,Cross Roads,,,,,,,
3099553253,21.6274047,41.9608168,cafe,Cafe-inn,,,,,,,
3100113750,20.8026136,41.1140172,restaurant,Фopтунa,regional,Mo-Su 07:00-24:00,,,,,
3100113827,20.8010580,41.1135786,cafe,Cafe Experience,,,,,,,
3101725379,21.4368849,41.9992410,cafe,Old Town,,Mo-Su 10:00-22:00,,,,,
3101726037,21.4358699,42.0000003,cafe,Nargile Cafe,,Mo-Su 10:00-22:00,,,,,
3101726040,21.4366005,42.0000179,restaurant,Пивница АН,regional,Mo-Sa 09:00-24:00; Su 12:00-24:00,,,,+389 02 321 2111,http://pivnicaan.mk/
3103985004,21.4330712,41.9958677,cafe,Telekom Trend Lounge Bar,ice_cream;pizza;pasta,Mo-Su 08:00-24:00,,,,,
3109618758,22.5004906,41.1429058,restaurant,,,,,,,,
3162735662,22.4614010,41.6382610,cafe,Ti-Amo,coffee_shop,,no,,,,
3162746561,22.4601880,41.6397590,restaurant,Target,italian,,no,,,,
3162749461,22.4604120,41.6409570,restaurant,Jocker pizza,italian,,yes,,,,
3162751061,22.4613780,41.6401840,restaurant,Getsbi pizza,italian,,yes,,,,
3162751062,22.4629990,41.6369750,cafe,Virus,coffee_shop,,no,,,,
3162755761,22.4657240,41.6346560,restaurant,Vrteska,barbecue,,no,,,,
3162763261,22.4640190,41.6341400,restaurant,Gone,barbecue,,yes,,,,
3162772765,22.4644900,41.6334960,restaurant,Sopka,barbecue,,yes,,,,
3162773865,22.4637300,41.6355770,restaurant,,barbecue,,yes,,,,
3162778861,22.4629430,41.6365660,restaurant,Karagjoz,barbecue,,yes,,,,
3162791061,22.4463100,41.6295960,restaurant,Magmar,barbecue,,,,,,
3162794862,22.4613270,41.6390650,restaurant,Beverli hils,barbecue,,yes,,,,
3162794863,22.4621860,41.6391330,restaurant,Shona,barbecue,,yes,,,,
3162794961,22.4567890,41.6338950,restaurant,Santa Maria pizza,italian,,,,,,
3162795861,22.4632720,41.6376110,restaurant,Makedonsko Sonce,regional,,yes,,,,
3162796461,22.4621990,41.6392500,restaurant,Lastik,barbecue,,yes,,,,
3187744343,22.4637300,41.6395100,restaurant,,barbecue,,yes,,,,
3187744351,22.4655280,41.6377820,restaurant,Lipa,barbecue,,yes,,,,
3187745933,22.4630600,41.6387670,restaurant,Maslac,barbecue,,yes,,,,
3187746716,22.4601430,41.6391550,cafe,Escape,coffee_shop,,no,,,,
3187758521,22.4604030,41.6382830,restaurant,,barbecue,,yes,,,,
3341289752,21.4306195,41.9944452,cafe,Bistro Skopje,,Mo-Su 09:00-21:00,,,,,
3341289753,21.4303650,41.9938562,cafe,Gnezdo,,Mo-Su 08:00-22:00,,,,,
3341289786,21.4302256,41.9929701,cafe,Caffe Novo,,Mo-Su 09:00-22:00,,,,,
3341289788,21.4298707,41.9927362,cafe,Caffe Bar Dolce Vita,,Mo-Su 09:00-21:00,,,,,
3341289789,21.4297981,41.9925716,restaurant,Damaskino,,,,,,,
3341289790,21.4293734,41.9923772,cafe,Corsso,,24/7,,,,,
3415004757,21.4510186,42.0618189,restaurant,,,,,,,,
3428427693,20.8000470,41.1154200,restaurant,Pizzeria Americano,italian,,,,,,
3428428993,20.8000880,41.1159660,restaurant,,,,,,,,
3484100384,21.4231542,41.9917018,restaurant,Dal Fufo - Galija,,,,,,,
3505013893,21.4319604,41.9947506,restaurant,Destan,kebab,08:00-23:00,,,,,
3505013993,21.4317257,41.9950911,restaurant,Ла Тераца,italian,08:00-24:00  Fr-Sa 08:00-01:00,,,,+389 2 3113380,
3506695093,21.3910004,42.0045421,restaurant,Brooklyn Lounge Bar,italian,08:00-00:00; Fr-Sa 08:00-01:00,,,,,
3506696093,21.3909265,42.0041936,cafe,Trend Food Bar,,08:00-00:00; Fr-Sa 08:00-01:00,,,,+389 70 306425,http://www.caffetrend.mk/
3536179577,21.4099065,41.9953743,restaurant,Носталгија,,,,,,+38923060708,
3599403566,21.4020366,41.9979148,restaurant,Кај Маршалот,regional,,no,no,,,
3647039848,21.7336280,42.1208566,restaurant,Exclusive,,,,,,,
3647048030,21.7448727,42.1214792,restaurant,Тераца,,,,,,,
3648714485,21.4063144,42.0062651,restaurant,Барбакан,,08:00-01:00,,,,,
3660965814,21.3341010,41.0273541,cafe,Cocktail Bar - Uno Mars,,8:00 - 00:00,,,,,
3663767991,21.4150060,42.0038265,cafe,The Gallery,,Mo-Th 07:30-24:00  Fr 07:30-01:00  Sa 08:00-01:00  Su 08:00-24:00,,,,,
3663767992,21.4151255,42.0039722,cafe,MonAmi,,,,,,,
3663767994,21.4151730,42.0040547,cafe,Жапон Кафе Бар,,07:30 - 23:30,,,,,
3663767995,21.4146731,42.0042809,cafe,Cafe Bela,,09:00 - 00:00,,,,,
3664638120,22.3171977,41.6245987,restaurant,Пилав Тепе,,,,,,,
3671888433,20.8820185,42.0113442,restaurant,Конак,,,,,,,
3695356159,22.7759750,41.9670002,restaurant,Ресторан Либеро,regional,,,,,,
3696549082,22.7727421,41.9665628,restaurant,Антика,,,,,,,
3696549083,22.7743723,41.9671309,restaurant,Кај Бубето,,,,,,,
3696549088,22.7714652,41.9655104,restaurant,Пицерија Палма,pizza,,,,,,
3696549089,22.7756155,41.9667157,restaurant,Панорама,pizza,,,,,,
3696549091,22.7729809,41.9663111,restaurant,Пицерија Iceberg,,,,,,,
3696549092,22.7732345,41.9664629,restaurant,Вигор,,,,,,,
3699303243,22.7757929,41.9669685,cafe,Apolon,,,,,,,
3699303244,22.7772992,41.9671423,cafe,Валиум,,,,,,,
3699318356,22.7726580,41.9641901,restaurant,Ресторан Трла,,,,,,,
3699318369,22.7736839,41.9634140,restaurant,Gostilnica Zvon-Trejd,,,,,,,
3707090923,21.4170693,41.9972260,restaurant,Еснаф кај даре,regional,,,,,,
3713067440,20.7733609,40.9255638,cafe,,regional;burger,,,,,,
3724711085,20.9633055,42.0060772,cafe,Amaretta (Red&Black),coffee_shop;italian,Mo-Su 07:00-23:30,,,,,
3725959075,20.7458417,40.9154158,restaurant,,,,,,,,
3750783154,21.3921091,42.0038662,cafe,,,,,,,,
3751301960,21.4591155,41.9191256,restaurant,Ресторан Бела,regional,,,,,,
3755532975,21.4127725,41.9994110,cafe,Концепт37,,,,,,,
3782619849,22.7052720,41.4404325,cafe,Национал,,,,,,,
3784770415,22.6153456,41.5162501,restaurant,ЈаворШпед,,,,,,,
3786106943,22.2451062,41.6337365,restaurant,Рибник,,,,,,,
3822688281,21.2166228,41.5068787,restaurant,Кај Чоме,,,,,,,
3822729871,21.2196741,41.5100518,cafe,,,,,,,,
3826400404,20.8015550,41.1119481,restaurant,Ривиера,,,,,,,
3826400416,20.8039749,41.1104511,restaurant,Ла Бела,,,,,,,
3826400434,20.8052329,41.1095360,restaurant,Royal View,,,,,,,
3826400436,20.8023447,41.1127823,cafe,,,,,,,,
3826400441,20.8021988,41.1124655,cafe,Mojito,,,,,,,
3828431964,21.7829849,41.7177220,cafe,Капри Кафе,,,,,,,
3830455732,21.4725098,41.9824716,restaurant,Pizza Amica,,,,,,,
3832366897,21.4197114,41.9898526,cafe,,,,,,,,
3832475135,21.4427246,41.9922973,restaurant,Лезет,,,,,,,
3832475147,21.4422139,41.9922032,restaurant,Кај Злате,,,,,,,
3832555934,21.2494143,41.5453150,restaurant,Меана Дедо Илија,,,,,,,
3909066219,21.4010837,42.0084895,restaurant,бед бунар,,,,,,,
3921774262,20.8866832,42.0138371,restaurant,casa leone,italian,,,,,,
3930911802,20.9750309,42.0077518,restaurant,Restaurant Sirena,pizza,07:00- 24:00,yes,no,,+389 44 335 701,
3932033588,21.4037096,42.0818924,restaurant,Ribimiluss,pizza,,,,,,
3951819586,21.4093282,41.9748528,restaurant,бимекс,regional,9:00-24:00,,,,,
4004645106,21.4301301,41.9957324,restaurant,Пекинг Гарден,chinese,Mo-Sa 11:00-24:00; Su 12:00-23:00,,,,+389 2 3221173,www.pekinggarden.mk
4016557277,21.4667276,41.9856123,restaurant,Campione lounge Bar,italian,Mo-Su 08:00-01:00,,,,+389 70 250 261,
4016557278,21.4661426,41.9859376,restaurant,DejaVu Lounge,french,Mo-Su 08:00-01:00,,,,,
4059907155,21.4171739,41.9937283,cafe,Авантура,,,,,,,
4101107990,21.4365756,41.9871974,restaurant,Makedonska sofra,,Mo-Sa 08:00-01:00,,,,+38978929010,
4110147399,21.4448873,42.1382444,restaurant,Етно кујна Вила Елена,balkan,,,,,,
4126731965,21.4345770,41.9973163,restaurant,Sky ресторанот,international,,,,,,
4149490289,21.4300742,41.9933026,restaurant,Amigos Мексиканска Кантина,mexican,Mo-Th 08:00-24:00  Fr Sa 08:00-01:00  Su 10:00-24:00,yes,,,+389 71 230314,http://www.amigos.com.mk/
4154573089,20.9619853,41.9993210,cafe,Riva Caffè,burger;breakfast;pizza;ice_cream;tea;coffee_shop,Mo-Su 10:00-22:00,,,,072545050,
4154573189,20.9614188,41.9995695,restaurant,Era,burger;sandwich;breakfast;ice_cream;tea;cake;coffee_shop;pasta;pizza;diner,Mo-Su 09:00-00:00,,,,,
4154574089,20.9611250,41.9976539,restaurant,Restaurant Boss,burger;sandwich;ice_cream;grill;cake;coffee_shop;pasta;greek;balkan;pancake;pizza;fish_and_chips;diner;italian_pizza;fish;hot_dog;breakfast;tea;italian,24/7,,,,,
4161400696,22.5058453,41.8865440,cafe,Pancir Cafe,,,,,,,
4161427291,22.5058700,41.8865523,cafe,Панцир Кафе,,,,,,,
4180615629,21.1386500,40.8937310,restaurant,,,,,,,,
4180687544,21.2969679,41.0381850,restaurant,,,,,,,,
4183580089,21.6276146,41.9610488,cafe,Cakes & Bakes,sandwich;coffee_shop;cake,24/7,yes,,,,
4190199691,20.9716940,42.0073312,cafe,Maroon Bar,,,,,,,
4190204394,20.9786480,41.8450656,cafe,Рина,,,,,,,
4190335990,20.9734955,41.8453568,restaurant,Restaurant Oaza,,,,,,,
4194683692,22.5224464,41.1473430,restaurant,,,,,,,,
4195733217,21.4338587,41.9955972,restaurant,Соул кичен,international,,,,,,
4198944089,21.3862677,42.0046060,cafe,Ch2pter,,09:00-23:45; Fr-Sa 09:00-23:45,,,,+389 75 490 155,http://www.caffetrend.mk/
4225448689,21.3990452,42.0151641,cafe,Tonnis Bakeri,,,,,,,
4228828360,21.4041470,42.0137478,cafe,Coffeeshop Company lounge,local,,,,,,
4229063003,20.9079995,41.7939504,cafe,Liquid,,,,,,,
4233194691,21.3418406,42.0433297,cafe,Makreshanki,,,,,,,
4234144690,21.4168806,41.9984995,cafe,Belier,,,,,,,
4239053639,21.4307185,42.0229923,restaurant,Beta,,,,,,,
4239355213,22.1932005,41.7370604,cafe,Тафката,,,,,,,
4240294389,22.1938869,41.7373800,cafe,Vami Cafe 1,,,,,,,
4247199848,22.1911884,41.7375454,restaurant,Classic Restaurant,sandwich;balkan;breakfast;pizza;kebab;local;pasta;coffee_shop;ice_cream,Mo-Su 07:00-00:00,,,,,
4247226994,21.3910392,42.0048738,cafe,Juicy and Co,,,,,,,
4247663989,20.9049674,41.8009922,cafe,Dani,,,,,,,
4252577296,20.5959852,41.2357204,restaurant,Via Ignatia,,,,,,,
4253086993,20.8011081,41.1166205,restaurant,Dr. Falafel,,Mo-Sa 09:30-22:30  Su 16:00-23:00,,,,+389 77 897 167,
4253210327,21.4212497,41.9495659,restaurant,Мулино Гарден,,,,,,,
4267161773,20.9894268,42.0041795,restaurant,Restaurant Emporium,,Mo-Th 08:00-24:00  Fr-Sa 08:00-01:00  Su 08:00-24:00,,,,+389 78 388 265,
4267660935,20.9894680,42.0042478,restaurant,Fontana Grill,steak_house,Mo-Su 08:00-24:00,,,,+389 70 664 471,
4267660937,20.9894830,42.0040789,cafe,Aksaraj,,,,,,,
4270352289,21.7206493,42.1320465,restaurant,Restoran Prado,burger;sandwich;regional;international;grill;coffee_shop;pasta;balkan;pancake;pizza;fish_and_chips;diner;chicken;italian_pizza;fish;seafood;mediterranean;italian;fine_dining,Mo-Th 08:00-24:00; Fr-Sa 08:00-01:00; Su 10:00-24:00,,,,+38931430100,https://m.facebook.com/prado.kumanovo/
4275843195,21.4160063,41.9969599,restaurant,Лавче,,,,,,,
4283863605,20.7972577,41.1124024,restaurant,Ресторан Антико,,,,,,,
4290842764,20.8982089,41.8060047,cafe,Чајџилница кај Басто,,24/7,,,,,
4290866991,20.9113126,41.7929887,cafe,Чајџилница кај Гоце ,,24/7,,,,,
4292369647,21.6186125,41.9371686,restaurant,Kaj Dzek,chicken;kebab;grill;local;balkan,,,,,,
4302211290,21.4002154,42.0030463,restaurant,Бабе,fish,,,,,,
4304451302,21.4366103,41.9994358,cafe,Clique Bar,,24/7,,,,,
4315772629,21.3466800,41.0130595,restaurant,Vavilon,,,,,,,
4318054807,22.6366903,41.2315910,restaurant,Elita,fish,,,,,,
4318400296,21.4655483,41.9915744,restaurant,Златна вилушка,,,,,,,
4324925089,20.7720370,40.9188013,cafe,,,,,,,,
4327921318,21.3986642,42.0034137,restaurant,Thong Thai,thai,Sa-Su 10:00-01:00,yes,,,+38971661234,
4327921320,21.3981384,42.0033204,cafe,Prikazna,,,,,,,
4337632794,21.5904910,41.9911364,cafe,,,,,,,,
4338183694,20.8840093,41.8299622,cafe,Elfat,,,,,,,
4338236490,20.8857573,41.8413949,cafe,Nebi,,,,,,,
4346542839,21.4301208,41.9927317,restaurant,Lounge Bar & Restaurant Square 21,,,,,,,
4347356991,22.8581787,41.7058839,restaurant,Чардак,balkan,,,,,+38978465474,http://www.cardak.mk
4355675606,21.4826074,41.9788465,restaurant,Ресторан Златник,,,,,,,
4356193798,22.1966748,41.7388546,restaurant,Кебапчилница Тасе,,,,,,,
4356215591,22.1957213,41.7388923,cafe,Нова Кафе,,,,,,,
4357163991,22.1952544,41.7372052,cafe,Кафе-Бар Симбол,,,,,,,
4357166290,22.1941525,41.7378263,cafe,,,,,,,,
4359833889,21.4454673,41.9911127,cafe,,,Mo-Su 06:00-22:00,,,,,
4360781689,22.1922397,41.7382087,restaurant,Рома,,,,,,,
4360802894,22.1981705,41.7441882,cafe,,,,,,,,
4363534190,22.1903941,41.7376410,restaurant,,,,,,,,
4363550889,22.1956835,41.7382123,cafe,Сајбер,,,,,,,
4375519489,21.4448074,41.9728434,cafe,Гет Кафе,,Mo-Su 10:00-00:00,,,,,
4375878893,20.9746292,42.0073877,restaurant,11,,,,,,,
4376827005,20.8049290,41.0035617,restaurant,Бане 2,,,,,,,
4380494182,21.5522570,41.3431784,restaurant,Стојче-Метропол,,,,,,,
4405634704,20.7573957,41.7018616,restaurant,Ресторан Мал Одмор,,,,,,,
4406532855,21.3679919,41.9953546,restaurant,Вила Веранда,local,,,,,,
4407370494,21.4520843,41.9883207,restaurant,еквестријан,,,,,,,
4407818207,20.6586863,41.5938633,cafe,,,,,,,,
4408677899,20.7566660,41.7014251,restaurant,Кај Тетка Вики,,,,,,,
4411037105,21.3355792,41.0288234,cafe,Millennium Cafe,,,,,,,
4411037106,21.3357344,41.0285753,cafe,Игучи,,,,,,,
4411107891,21.3359033,41.0285254,cafe,Ин Кафе,,,,,,,
4411125496,21.3359314,41.0284799,cafe,Portal 2 Cafe,,,,,,,
4414571689,21.3367381,41.0240108,cafe,јагода,,,,,,,
4422047259,21.0067043,41.1085785,restaurant,Етно Куќа,,,,,,,
4429141992,20.7986796,41.1168867,restaurant,Brioni 2008,,,,,,,
4429142391,20.7985841,41.1169309,restaurant,Exclusive Art Cuisine,,,,,,,
4430465597,20.9518032,42.0012645,cafe,Беко Кафе,,Mo-Su 10:00-22:00,,,,,
4430465598,20.9714660,42.0089630,restaurant,КУБИКС - Студио за Анимација,,24/7,,,,,http://www.kub-x.com/
4433338390,20.7984934,41.1169520,cafe,Çajtorja Luan,,,,,,,
4436518191,21.4362461,41.9996618,restaurant,Kaj Serdarot,,,,,,,
4436534289,21.4360810,41.9996701,restaurant,Destan,,,,,,,
4436534489,21.4355402,41.9994953,restaurant,Австриска палта,,,,,,,
4448736389,22.6433683,41.4433529,restaurant,Чамовски,,,,,,,
4450584489,20.9685294,41.8333963,cafe,Алфа,,,,,,,
4457471314,21.5888229,41.9864102,restaurant,Royal Food Zlate,,,,,,,
4459578969,21.4355402,41.9949989,restaurant,Амика,international,,,,,,
4470299291,21.0116539,41.0893491,cafe,Таверна Џез,,,,,,,
4471884330,21.4272930,42.0059792,restaurant,Four,international;italian;fish,,,,,,
4480834091,21.7870287,41.7138225,cafe,Kafe slatkarnica Turist,,,,,,,
4481662566,21.4335119,41.9957030,restaurant,Дион,italian,,,,,,
4484345091,22.5047905,41.1403190,cafe,Бариста,coffee_shop,Mo-Su 09:00-01:00,,,,,
4489456010,20.6071770,41.6226607,restaurant,House of Miyaks Ethno Restaurant,regional;coffee_shop;sandwich;ice_cream;international;turkish;steak_house,Mo-Su 09:00-21:00,yes,,,+389 070 378 333,http://kukjanamijacite.mk
4491144570,21.3936186,42.0045887,restaurant,Срна,regional,,,,,,
4502450789,20.9272881,41.9444009,restaurant,Restoran Elita,,,,,,,
4502456690,20.9268824,41.9405207,cafe,Cine 501,,,,,,,
4502463689,20.9267987,41.9403239,cafe,Sharr 71,,,,,,,
4502463695,20.9398801,41.9765070,restaurant,Nes Komerc,,,,,,,
4502469595,20.9299290,41.9485098,restaurant,Niki,,,,,,,
4502488291,20.9277266,41.9427811,cafe,Mujo,,,,,,,
4511016243,21.2795514,42.0436939,cafe,БАМИЛА,chicken;burger;sandwich;grill;breakfast;kebab;tea;coffee_shop;diner;beef_bowl,,,,,,
4516027391,21.4496023,41.9919726,cafe,,,,,,,,
4530818689,22.9004200,41.3709709,restaurant,Ресторан АтлантиС Смоларски Водопат,fish;barbecue;local;grill,Mo-Su 10:00-22:00,,,,38978314212,http://www.atlantis.mk
4531682389,21.4021635,41.9959806,restaurant,Македонска куќа,burger;regional;ice_cream;grill;crepe;coffee_shop;balkan;pancake;chicken;diner;fish;breakfast;tea;sausage;local;fine_dining;kebab;barbecue,Mo-Su 08:00-00:00,,,,+38923296415,http://www.makedonskakuka.com
4532522589,20.5226109,41.5101027,restaurant,Drilon,,24/7,,,,,
4552084306,21.4648097,42.0030521,restaurant,Кај Тоше на Ќоше,regional,,,,,,
4568492595,20.9103122,41.7926594,cafe,Kaçamaku,,Mo-Su 10:00-01:00,,,,,
4571573990,21.7686668,41.7098459,cafe,Дома,,,,,,,
4586018591,22.0113116,41.4358281,cafe,Лего,,,,,,,
4587348695,21.0514706,42.0755301,restaurant,Ресторан Цуцла,,,,,,,
4594264491,21.0512358,42.0726560,restaurant,Ресторан Трио,,,,,,,
4602841983,22.3355793,42.2027771,restaurant,Restaurant Osogovec,regional,,yes,no,,,
4614149399,20.8375411,41.7650460,restaurant,Бурими Тре,,,,,,,
4614149418,20.8363637,41.7653321,restaurant,Панорама,,,,,,,
4642412989,20.9144193,40.9390733,restaurant,Beach Bar Mystic,,,,,,,
4650542892,21.5078989,41.9932328,restaurant,Гостилница Софра,,,,,,,
4650625589,21.5099084,41.9951884,restaurant,Пицерија Кремисимо,,,,,,,
4658223491,21.5137772,42.0276010,cafe,Лав Фонтана,coffee_shop,,,,,,
4683222726,22.8186239,41.9752689,restaurant,Рибник Воденица,seafood,08:00 - 00:00,yes,yes,,,
4690435191,20.6512188,41.1511850,restaurant,,fish,,,,,,
4718381271,22.4988477,41.1373679,restaurant,Restoran Sarisa,regional,,,,,+389 78717607,
4720703993,21.4600445,41.9978436,restaurant,Dojrana Skopje,,,,,,,
4724820290,20.9163058,41.9233530,cafe,,,Mo-Su 05:30-00:00,,,,,
4726508389,20.9622336,41.9940024,cafe,,grill;italian_pizza,Mo-Sa 08:00-22:00,,,,,
4726508989,20.9596540,41.9890195,restaurant,,balkan,Mo-Su 07:00-00:00,,,,,
4740748226,21.6126147,41.9953625,restaurant,Конак Јазбиње,,,,,,,
4741046037,22.3598489,42.1903800,restaurant,Vodenicata 3,,,,,,,
4746796221,20.5266276,41.5215391,restaurant,Ресторан Грамоз,fish;burger;sandwich;breakfast;ice_cream;grill;cake;steak_house;pasta;balkan;diner;barbecue,Mo-Su 08:00-11:00,,,,+38970241533,
4753448921,20.9713496,42.0075938,cafe,Garden,,,,,,,
4753448922,20.9602367,41.9912803,restaurant,Ultra,,,,,,,
4753448923,20.9599190,41.9916981,cafe,M House,,,,,,,
4753449021,20.9718414,42.0073693,cafe,Barcode,,Mo-Su 08:00-23:55,,,,,
4753449022,20.9721424,42.0072505,cafe,Tantra,,,,,,,
4753449121,20.9602672,41.9913951,cafe,Ultra,,,,,,,
4771141151,20.8459093,41.7704206,restaurant,Riben Restoran Bigor,,,,,,,
4804666922,21.1624357,40.9075981,restaurant,Vila Raskrsnica,local,,,,,,
4838686622,21.4069546,42.0060914,restaurant,Bonimi,regional,Mo-Su 20:00-24:00,,,,,https://m.facebook.com/bonimimkd/
4842050522,22.3361370,42.2058280,restaurant,Royal Lounge Bar,,,,,,,
4846704245,21.4271773,41.9954521,cafe,Крин,,,,,,,
4854085029,20.9467534,41.9158317,cafe,саранда,,Mo-Su 07:00-23:00,,,,,
4866008921,20.9608123,41.9923010,cafe,Ток 2000,balkan,Mo-Sa 07:00-19:00,,,,044334065,
4879772021,20.7934666,41.1148473,restaurant,Гладиатор,,,,,,,
4884870821,20.7430881,40.9146267,restaurant,,,,,,,,
4884870823,20.7905430,41.1109837,restaurant,Кај Каневче,,,,,,,
4884908023,20.7410279,40.9141308,restaurant,Свети Наум,,,,,,,
4910578221,20.9791319,42.0088358,cafe,Симпл Кафе,,,,,,,
4912937822,20.9756816,42.0090570,restaurant,Ресторан Еснав,,,,,,,
4912996422,20.9758291,42.0089945,restaurant,Ресторан Тетовска Куќа,,,,,,,
4912996423,20.9758432,42.0095705,restaurant,Пица-Ресторан Пунто Верде,,,,,,,
4915240921,20.9737785,42.0100645,cafe,Стори Кафе,,,,,,,
4915240923,20.9805382,42.0069026,restaurant,Гарден Ресторант,,,,,,,
4915241021,20.9740134,42.0100196,cafe,Репаблик Кафе,,,,,,,
4935294926,21.4451457,42.0123976,restaurant,,,,,,,,
4945457423,21.0571809,40.9721129,restaurant,Proper,,,,,,,
4954778523,21.0419310,42.0609612,cafe,Елита Кафе,,,,,,,
4976334922,21.4640869,41.9913259,restaurant,Т'га за југ,,,,,,,
4982232721,21.4238693,41.9988648,restaurant,,,Mo-Fr 12:00-20:00,,,,,
4986311121,21.4534770,41.9885027,cafe,,,,,,,,
4986923021,20.7982792,41.1121780,restaurant,Порта,,,,,,,
4988000122,22.4648163,41.6341662,cafe,Coffe House Downtown,,,,,,,
4990142138,21.4412533,42.0195979,restaurant,Бизнис,,,,,,,
4993144523,20.7969483,41.1118507,restaurant,Далга,,,,,,,
4994992928,20.7820426,40.9615088,restaurant,,,,,,,,
5000781021,20.7334682,41.6615140,restaurant,,,Mo-Su 08:00-01:00,,,,,
5019758021,21.4280925,42.0039853,restaurant,Парк,,,,,,,
5033108253,21.4191901,42.0005946,restaurant,Кантина,burger;coffee_shop;sandwich;ice_cream,Monday- Satudray 09:00-24:00,yes,,,,
5058440823,22.1959414,41.7385560,cafe,Кофи Лаб,,Su-Th 08:00-00:00; Fr-Sa 08:00-01:00,,,,,
5062450021,21.4378942,42.0131776,cafe,Te Flladi,balkan,Mo-Su 06:00-02:00,,,,+38978324244,
5064700321,21.4044150,42.0353232,restaurant,Аликас,,,,,,,
5072397092,21.4633394,41.9914306,restaurant,Пицерија Фамилија,,,,,,,
5074216083,21.3161910,41.9908973,restaurant,Er & Bi,,,,,,,www.erbi.com.mk
5075880321,20.7991080,41.0902867,restaurant,БИЧ ЕНД ЛОУНЏ ЏОВАНИ,,Mo-Sa 08:00-01:00; Su 09:00-00:00,,,,070230030,
5075885521,22.6388602,41.4409617,restaurant,Salomon fud,,,,,,,
5101621121,21.3328887,42.0068376,restaurant,,,Mo-Su 09:00-00:00,,,,+389 78 239 711,
5107879522,20.7954009,41.1121065,restaurant,,balkan;italian,,,,,,
5108011329,20.7971539,41.1118748,restaurant,,balkan;italian,,,,,,
5110720231,21.4375923,42.0011325,cafe,Shisha,,Mo-Su 10:00-22:00,,,,,
5123724239,21.5712443,41.9150979,restaurant,Грин Вилиџ,,Mo-Su 11:00-23:00,,,,,
5124642221,20.9798693,42.0087006,cafe,Били Кафе,,,,,,,
5131832941,21.4276093,41.9948293,restaurant,7 Скара Ресторан,grill,Mo-Th 08:00-24:00; Sa 08:00-01:00,yes,,,+38923224000,http://7.mk/skara-restoran/
5154732322,22.3298813,42.1994853,restaurant,,pizza,,,,,,
5160613722,21.4492023,41.9899769,restaurant,Мезе Бар,,Fr-Su 08:00-01:00; Su 08:00-17:00; Mo-Th 08:00-00:00,,,,+38926121214,https://www.facebook.com/mezebarskopjanka/
5176248987,21.4192046,41.9927714,cafe,Изи,,,,,,,
5184727125,21.3678533,42.0084679,restaurant,Ubac,,,,,,+38972555005,
5224224121,21.4223088,41.9916485,restaurant,Gostilnica Gurman,,Mo-Su 07:00-22:00,,,,+38923176200,
5235173522,22.5015157,41.1418660,restaurant,,,Mo-Su 09:00-01:00,,,,,
5246219203,21.4193986,41.9868025,restaurant,Баба Цана,macedonian,,,,,,
5268700370,21.3931934,42.0044372,restaurant,Pizza Jakomo,pizza,,,yes,,+37976338668;+38978338668,http://www.pizzajakomo.com/
5284221296,21.4216953,42.0013652,cafe,Laika,,,,,,,
5288522422,21.4230134,41.9958526,cafe,Еу ејџ,,,,,,,
5289706561,21.4276864,41.9913338,restaurant,Star Ocean,,,,,,,
5292130834,21.4444199,41.9768128,cafe,63,,,,,,,
5292130848,21.4149006,42.0005187,restaurant,Fitness house,,,,,,,
5321194052,22.7742657,41.9654757,restaurant,Две Липи,,,,,,,https://www.facebook.com/meanadvelipi/
5333583388,21.3991821,42.0034483,cafe,Giovani,regional,,,,,,
5334903322,22.3309502,42.2075328,restaurant,Стар Лисец,,,,,,+38970756364,
5334903323,22.3356230,42.2026632,restaurant,Аквариум,,24/7,,,,,
5346935627,21.4099400,42.0047408,cafe,,,,,,,,
5407742721,22.6382644,41.4372542,cafe,BU Coffee to go,,,,,,,
5448461621,21.3412151,41.0236829,restaurant,Скандал,,,,,,,
5448461921,20.7981623,41.1122361,restaurant,Пица Александриа,italian_pizza,Su-Th 09:00-00:00; Fr-Sa 09:00-01:00,,,,+389 46 253 355,http://www.pizzanemo.com
5467884712,21.4808444,41.9837709,restaurant,Segreto Plus,,,,yes,,,
5534803022,21.4218407,42.0023198,cafe,Кахава,,,,,,,
5542393287,22.2011852,41.7471233,restaurant,Кафе Канал 77,,,,,,,
5548809221,21.4366123,41.9995926,restaurant,кај сердарот,local;barbecue,,,,,,
5561692079,21.4565032,41.9729164,restaurant,Тарапана,,,,,,,
5570347724,20.8909814,41.8649667,cafe,Kafe Bar “Bonton”,,,,,,,
5572053321,21.4205747,42.0013292,restaurant,Дебар Маало,chicken;diner;beef_bowl;american;ice_cream;local;tea;pizza;burger;cake;pasta;french;italian_pizza;seafood;crepe;pancake;sandwich;coffee_shop;balkan;mediterranean;croatian;fish;kebab;breakfast;grill,Su-Th 08:00-00:30; Fr-Sa 08:00-01:00,,,,+38976219654,
5599976521,20.7698618,40.9158924,cafe,,,,,,,,
5599976622,20.7824024,40.9617356,restaurant,Mermaid Terrace,,,,,,,
5601865131,20.8012888,41.0653986,restaurant,,,,,,,,
5602643621,20.7980562,41.1121475,restaurant,Pizza Aleksandrija,,,,,,,
5604182920,21.4253762,41.9986406,cafe,Mikel,,,,,,,https://www.facebook.com/vinylmk/
5604366922,20.7914964,41.1146400,cafe,,,,,,,,
5614557098,22.3572149,41.9945499,restaurant,Осоговска Куќа,,,,,,,
5618221222,22.6383287,41.4403734,cafe,Conept Cafe,,,,,,,
5622210754,21.4181784,42.0087916,cafe,Централ Парк,,,,,,,
5624670966,21.4235595,42.0023813,restaurant,МЦМ Мезе Бар,balkan,24/7,,,,+38970250420,
5624682355,21.4239655,42.0028235,restaurant,Костарика,,,,,,,
5624682356,21.4242333,42.0033660,restaurant,Калабалак,,,,,,,
5624682357,21.4240111,42.0028813,restaurant,Старо Скупи,,,,,,,
5624682358,21.4240218,42.0030128,restaurant,Занзибар,pizza,,,,,,
5625300121,21.0274021,41.9941572,restaurant,,balkan,,,,,,
5625896923,20.7992364,41.1166966,restaurant,,regional,,,,,,
5626432520,21.4210921,42.0013712,restaurant,Идадија,,,,,,,
5626433431,21.4214837,42.0014530,restaurant,Наџак,,,,,,,
5626433457,21.4206632,42.0010941,restaurant,Zing,,,,,,,
5626433480,21.4200490,42.0007591,restaurant,Дебар Маало,,,,,,,
5626433502,21.4208615,42.0014888,restaurant,Кај Перо,,,,,,,
5672618724,21.7282115,42.1333614,restaurant,Помодоро,,,,,,,
5672631206,21.7279322,42.1327630,cafe,Rafaela,,,,,,,
5690140438,21.4264143,41.9922468,cafe,DejaVu,,,,,,,
5690140660,21.4266738,41.9922273,cafe,Istanbul,,,,,,,
5692608680,21.4236496,41.9990664,restaurant,Gostilnica Estel,kebab,,,,,,
5713714222,21.3885778,42.0229571,cafe,AvAv Dog Park,,,,,,,
5720921825,20.7427990,40.9147002,restaurant,,,,,,,,
5747737260,22.8869357,41.7619502,restaurant,Хотел Гогов,,,,,,,
5747987432,22.9686915,41.6570517,restaurant,,,,,,,,
5755445995,21.5537950,41.3460965,cafe,The Summer Gallery House Pub,,08:00-01:00,,,,+38970208693,
5761128522,21.0130069,41.0913864,restaurant,Стар сокак,,,,,,,
5770427174,21.3740403,42.0063483,restaurant,Aleksandrija,,,,,,,
5772884450,21.7131719,42.1333475,restaurant,Ambrella,,,,,,,
5772884451,21.7128683,42.1331153,cafe,Relax,,,,,,,
5772884452,21.7127360,42.1333648,cafe,Donita,,,,,,,
5775030453,21.4414844,41.9931868,cafe,,,,,,,,
5776561353,21.5539772,41.3458302,cafe,,,,,,,,
5777115753,20.9660018,42.0133094,restaurant,БЕЛАМИА,fish;regional;international;ice_cream;crepe;seafood;coffee_shop;steak_house;balkan;pancake;pizza;diner;chicken,Mo-Su 09:00-23:00,,,,0038944331332,http://belamia.mk
5789449053,21.4361151,41.9995917,restaurant,СНОШТИ МИНАВ,local,,,,,,
5790395954,20.9632819,41.5129092,cafe,Kvadrat,,,,,,,
5790395956,21.5548027,41.3462162,cafe,Alfa1,,,,,,,
5798861909,21.5161585,41.9392561,restaurant,,,,,,,,
5798868260,21.4237345,41.7918174,restaurant,Планинарски дом Караџица,,,,,,,
5798897067,21.3215065,41.4864416,restaurant,,,,,,,,
5798911922,20.7372293,41.6492257,restaurant,,,,,,,,
5798936014,20.9082428,41.7922445,restaurant,Ресторант Вита Аби,,,,,,,
5803571454,22.9390355,41.3951875,restaurant,,,,,,,,
5807750050,21.4367281,41.9952880,restaurant,,,,,,,,
5810248383,20.7833664,40.9621226,restaurant,Сен Тропе,,,,,,,
5813417254,21.4200655,42.0009079,restaurant,Кафана Дебар Маало,savory_pancakes;german;chicken;diner;american;local;barbecue;tea;fine_dining;cake;pasta;international;french;greek;seafood;fish_and_chips;pancake;sandwich;coffee_shop;balkan;mediterranean;croatian;ramen;turkish;fish;kebab;grill,Mo-Th 08:00-00:00; Fr-Su 08:00-01:00,,,,+38971279660,
5830234866,21.2952137,41.9600200,restaurant,Fish Grill (Macedonian Cave Restaurant),,Mo-Su 09:00-21:00,,,,,
5832017571,20.6885837,41.7096884,restaurant,,,,,,,,
5833924459,20.7362858,41.6510336,restaurant,Glamour,,,,,,,
5833924638,20.6520247,41.5946328,restaurant,,,,,,,,
5834871868,20.6356959,41.2541143,restaurant,,,,,,,,
5834871927,20.6516188,41.2239348,restaurant,Grand restaurant,,,,,,,
5836414523,20.8118811,41.1246206,cafe,,,,,,,,
5840484087,21.4001853,42.0031615,restaurant,Буре,macedonian,,,,,,
5841696956,21.3943158,41.9651051,cafe,,,,,,,,
5841843562,21.5554324,41.3459748,restaurant,Magic Food,,,,,,,
5841843563,21.2954889,41.9584413,cafe,Fresh,,,,,,,
5849887489,21.2546800,41.6798669,restaurant,,,,,,,,
5853269557,20.8125826,41.0544299,restaurant,Terasa Utarna,,,,,,,
5859233985,21.4341981,42.0128215,cafe,Kandi,coffee_shop;balkan;ice_cream;irish;regional;tea;turkish,Mo-Su 07:15-00:00,,,,,
5863818383,20.9714342,42.0075662,cafe,Irish Pub,burger;coffee_shop;fast_food;juice;cocktails;hookah,Mo-Su 09:00-01:00,,,,,https://instagram.com/irishpubofficial
5865538987,21.5549700,41.3465410,cafe,Кафеин,,,,,,,
5887799285,20.9600276,41.5129834,cafe,Romanse,,,,,,,
5890717249,20.8075280,41.1069789,restaurant,Ristorante Stazione,italian,,,,,,
5890717252,20.8071883,41.1073742,cafe,Liquid,,,,,,,
5893990785,20.9813230,41.8578789,restaurant,,,,,,,,
5896644185,20.8894257,41.2434073,restaurant,Dedo Dimo,balkan,Mo-Su 12:00-00:00,,,,+38946279595,http://www.dedodimo.mk
5897434185,20.8157042,41.1259308,restaurant,Ресторан Панорама,,Mo-Su 07:00-23:55,,,,,
5898763585,20.5294069,41.5189346,cafe,,,,,,,,
5911332251,20.8839683,41.5106535,restaurant,Рибен Ресторан Добреноец,fish,,,,,,
5911332404,20.8928941,41.5034917,restaurant,Фурна,,,,,,,
5926230349,21.6320595,41.5475438,restaurant,Рибник Ресторан Оморани,fish,,,,,,
5942100285,20.7980320,41.1124235,restaurant,Kaj Ksantani Restaurant,,,,,,,
5956366686,20.5887025,41.2397324,restaurant,Pectopahot,regional;kebab;balkan,,,,,,
5956378986,20.5918028,41.2398677,cafe,,,,,,,,
5956379085,20.5881905,41.2401095,restaurant,Kutmičevica,regional;local;balkan,,,,,,
5956379186,20.5926742,41.2404691,cafe,,,,,,,,
5956379187,20.5928624,41.2404605,cafe,,,,,,,,
5958915386,22.0902580,41.4843216,cafe,,tea;cake;coffee_shop;ice_cream,,,,,,
5964767286,21.2953055,41.9600725,restaurant,,,,,,,,
5999496386,21.7173139,42.1325071,cafe,Julia,,,,,,,
5999496486,21.6999903,42.1395687,cafe,Mocha Caffe,,,,,,,
5999496785,21.6985476,42.1288686,restaurant,Restaurant Arcus,,,,,,,
6018277285,21.4242861,41.9987593,cafe,,,,,,,,
6018277485,21.4284228,41.9971825,cafe,Squeeze Me,,Mo-Su 09:00-21:00,,,,,
6032865285,21.4361778,42.0002555,cafe,k8,crepe;coffee_shop;cake;ice_cream,Mo-Su 10:00-22:00,,,,,
6032865286,21.4371953,42.0002786,restaurant,Pçela,barbecue;local,,,,,,
6043902185,21.7241653,42.1381918,cafe,اخر نقطة تاع تران,,,,,,,
6054020294,21.4186412,41.9946427,cafe,,,,,,,,
6054032912,21.4284390,41.9970171,cafe,Manda Coffee Bar,,Mo-Su 09:00-21:00,,,,,
6054035625,21.4276020,41.9938495,cafe,,,,,,,,
6054036211,21.4172240,41.9992004,cafe,,,,,,,,
6054036212,21.4172361,41.9990907,cafe,,,,,,,,
6054048486,21.4378319,42.0021215,restaurant,,,,,,,,
6054048492,21.4233514,41.9970085,cafe,,,,,,,,
6054048499,21.2952909,41.9588100,restaurant,,,,,,,,
6054048500,21.3056706,41.9797275,cafe,,,,,,,,
6054048501,21.3278644,41.9996839,cafe,,,,,,,,
6054048696,21.4154682,42.0037034,restaurant,,,,,,,,
6054048700,21.4228991,41.9972228,restaurant,,,,,,,,
6054048726,21.4158769,42.0003534,cafe,Paladin M,,,,,,,
6054048730,21.4113199,41.9956401,cafe,Woodstock,,,,,,,
6054049813,21.4173314,41.9947238,cafe,,,,,,,,
6054050086,21.4207756,41.9946111,restaurant,,,,,,,,
6054050095,21.4244255,41.9980418,cafe,,,,,,,,
6054050099,21.4135121,41.9947932,restaurant,Воденица,,,,,,,
6054050786,21.4142348,41.9986877,restaurant,,,,,,,,
6079524217,22.5877841,42.0248909,restaurant,Elita,regional,,,,,,
6079524220,22.5925757,42.0178073,restaurant,Zlatina,fish;regional,,,,,,
6089711779,21.3970638,42.0038026,cafe,Led Zeppelin,,,,,,,
6102488864,21.4199442,41.9959518,restaurant,Restoran Frosina,local,,,,,,
6145381755,21.3994796,42.0030494,cafe,Sugarland,,,,,,,
6145435980,21.4652984,41.9927293,restaurant,,,,,,,,
6148371886,20.9723139,41.8366298,cafe,,,,,,,,
6149826387,22.6481556,41.4327076,cafe,Кафе за носење - Стори,,Mo-Su 08:00-00:00,,,,0038975313833,
6228007184,21.3937780,42.0045660,cafe,Krem,,,,,,,
6268687385,21.4520444,41.9826324,restaurant,Gala Kujna,,,,,,,
6275187295,21.4462164,42.0365961,restaurant,EZO,,,,,,,
6278471769,21.4100468,42.0127048,restaurant,Меана Б Јавор Мрзенци,,,,,,,
6307066053,21.4230080,42.0012294,cafe,fourplay,,,,,,,
6323363585,22.4123703,41.9157236,cafe,Кафе станица,,,,,,,
6329816785,22.3580161,42.2228585,restaurant,Pashina vodenica,,,,,,,
6337592985,22.5034378,41.1414088,restaurant,Идила,,,,,,,
6346079372,22.1907365,41.7368287,restaurant,Ресторан Сан-Ремо,,,,,,,
6347445700,22.1921774,41.7383603,restaurant,У Сокако,,,,,,,
6347445707,22.1928555,41.7390109,restaurant,Верона,,,,,,,
6347491473,22.1901494,41.7371339,restaurant,Универзитетски Ресторант,pizza;regional;burger;coffee_shop;sandwich;kebab;chicken;ice_cream,,,,,,https://www.facebook.com/uniklub
6348113849,22.1935924,41.7384195,cafe,,,,,,,,
6348172157,22.1991187,41.7374300,cafe,,,,,,,,
6348292352,22.1905697,41.7445750,cafe,,,,,,,,
6349228910,22.1762339,41.7531208,cafe,,,,,,,,
6357926785,20.9059889,41.7926372,cafe,Кафе Клуб 97,,,,,,,
6359901288,20.9351278,42.0189508,restaurant,Driada,,,,,,,
6368357685,21.7788314,41.7177173,restaurant,Гостилница Сокаче,,Mo-Su 08:00-00:00,,,,+38978349043,https://m.facebook.com/profile.php?id=572126203244707&ref=content_filter
6370064210,21.3312190,41.0309947,restaurant,Гарден Имиџ,,,,,,,
6374712571,21.4109206,42.0055109,cafe,Joy Café & Bakery (Karposh),sandwich;coffee_shop;bakery;ice_cream,,,,,+389 2 307 6955,https://www.facebook.com/joycafeandbakery/
6385566985,21.4409393,42.0277395,restaurant,,,,,,,,
6386335236,21.4362086,41.9996644,restaurant,Kaj Гоце,,,,,,,
6388918787,20.9090036,41.7928399,restaurant,Familijar Restaurant,,,,,,,
6393028782,20.8012066,41.1156043,restaurant,Macedonska Sofra,regional,,,,,,
6393029979,20.7995680,41.1133047,restaurant,Letnica Kitchen & Bar,,,,,,,
6405264185,21.4670662,41.9856161,restaurant,Пицерија Дени,pizza,,,,,+38976346201,
6419154286,20.7971991,41.1118551,restaurant,,,,,,,,
6451451785,21.4260361,41.9907255,cafe,Coffee O'Clock,,,,,,,
6452647277,22.8968221,41.3881711,restaurant,Лебедово езеро,,,,,,,
6499491392,20.5262371,41.5247131,restaurant,,,,,,,,
6514996385,21.4383067,42.0025666,restaurant,,,Mo-Su 07:00-22:00,,,,,
6532695790,20.9615869,42.0065846,cafe,Saccaria,,,,,,,
6545131370,21.9427632,41.5795268,restaurant,,,,,,,,
6549925330,21.0712879,40.9538093,restaurant,Coca Beach Bar,,,,,,,
6551495317,21.5699754,42.1683969,restaurant,Панорама,,,,,,,
6553038892,20.8000190,41.0911484,restaurant,Divono,regional,,,,,,
6553390107,22.2435670,41.4089518,restaurant,4 Nova,regional,,,,,,
6553424134,22.2287354,41.4158020,restaurant,Moderna,regional;pizza;italian,,,,,,
6553424136,22.2338614,41.4143541,cafe,Queen Maria,,,,,,,
6556622586,20.8098566,41.1066934,restaurant,Ресторан Орфеј,barbecue;mediterranean,Mo-Su 08:00-23:00,,,,075463446,
6577887485,21.4263142,41.9992458,cafe,Веган365Кујна,burger;sandwich;cake;coffee_shop,Mo-Fr 09:00-17:00,,,,+389 75 585 255,https://vegan365kitchen.com/
6581571196,20.7963625,41.1117759,cafe,Liquid,,,,,,,
6586691822,21.4681708,41.9819646,restaurant,La Pizza,,,,,,+38972575756,
6591444786,22.1808429,42.0766945,restaurant,Гостилница Кај Спиро,regional;local;balkan,,,,,,
6635746831,22.5072573,41.8845742,restaurant,Rusticana,,,,,,,
6638915744,22.5090351,41.8854176,restaurant,,,,,,,,
6638917286,22.5078812,41.8852945,restaurant,Roma pizza,,,,,,,
6652764888,20.8040226,41.0358574,restaurant,,friture;burger;sandwich;sausage,,,,,,
6655156387,20.8018264,41.0541379,restaurant,,,,,,,,
6657130385,20.7983919,41.1122342,restaurant,,,,,,,,
6657846786,21.7180518,42.1344812,restaurant,Bash Pelivan,,,,,,,
6657846887,21.7175532,42.1340202,restaurant,,italian_pizza,,,,,,
6658556783,21.5548403,41.3462335,cafe,Amsterdam,,,,,,,
6665290230,21.9710192,41.3956964,restaurant,Restaurant,,,,,,,
6677312292,21.3357094,41.0289785,restaurant,Center Lounge & Fresh Bar,,,,,,047 52 83 62,
6680280012,21.4368049,41.9994044,cafe,Boomerang Shisha,,24/7,,,,,
6723968285,21.7854404,41.7124187,restaurant,,,,,,,,
6777937586,20.7986778,41.1167343,cafe,Çaytore Istanbul,,,,,,,
6781168986,21.3368237,41.0248238,cafe,Аеро,,,,,,,
6781335887,21.4360459,41.9993190,restaurant,Kebapčilinica Rio,,,,,,,
6781337085,21.4383639,42.0018869,restaurant,,,,,,,,
6785159634,22.0969002,41.4941379,cafe,,,,,,,,
6788977446,21.4131738,41.9995518,restaurant,Vega,,,,,,,
6796436088,21.4381319,42.0015097,restaurant,Сараево,,Mo-Su 07:30-19:00,,,,,
6802029812,21.4297354,41.9973064,cafe,Home Brews,coffee_shop;sandwich;cake,Mo-Su 09:00-22:00,,,,,
6812666802,21.7007524,42.1328848,restaurant,Milano,,,,,,,
6814231688,21.4364213,42.0006226,restaurant,Tako mako,,,,,,,
6814231700,21.4372514,42.0003594,restaurant,Ohrid,,,,,,,
6814231702,21.4285563,41.9969456,restaurant,Markt kitchen,,,,,,,
6814231792,21.4370091,41.9999671,cafe,Urban,,24/7,,,,,
6814231793,21.4374652,42.0002543,restaurant,Sac,,,,,,,
6814236587,21.4224937,42.0019483,restaurant,Skopsko,,,,,,,
6814236621,21.4385882,42.0021120,restaurant,Palas,,,,,,,
6814245589,21.4219242,42.0017089,restaurant,Schpajs,,,,,,,
6814246690,21.4364615,42.0003942,cafe,Coffe Tearoom Lachi,,Mo-Sa 08:00-18:00,,,,,
6814246691,21.4364430,42.0005272,restaurant,Don Giovanni,,,,,,,
6814246723,21.4373153,41.9997970,cafe,Bomonti,,Mo-Su 10:00-22:00,,,,,
6814246724,21.4373399,41.9999786,restaurant,Concept,,,,,,,
6815434686,21.4382061,42.0016292,restaurant,Plaset,,Mo-Su 07:00-02:00,,,,,
6815434688,21.4225095,41.9967222,cafe,Toto,,Mo-Sa 08:00-01:00,,,,,
6815434689,21.4229663,41.9967339,restaurant,,,,,,,,
6815434691,21.4086507,41.9971719,restaurant,Млечен Бар,,,,,,,
6815434692,21.4384905,42.0020270,restaurant,,,,,,,,
6815454785,21.4244578,41.9945241,restaurant,Букет,,,,,,,
6815559888,21.4234973,41.9981835,cafe,Shakespeare Cafe,,Mo-Su 08:00-00:00,,,,,
6815918386,21.4243264,41.9963262,restaurant,Mosh,,,,,,,
6815925985,21.4223059,41.9974479,cafe,Juicy&co,,,,,,,
6815931287,21.4192379,42.0005998,cafe,Зафир,cake;ice_cream;coffee_shop,,,,,,
6815931391,21.4222629,42.0023667,cafe,Majahh,,,,,,,
6815931392,21.4186405,42.0026188,restaurant,Metzka,,,,,,,
6821158386,21.4385935,42.0030613,cafe,Kairo,,Mo-Su 09:00-21:00,,,,,
6821158388,21.4304151,41.9940274,cafe,Stay you,,Mo-Su 08:00-22:00,,,,,
6821158389,21.4300488,41.9924937,cafe,JJ&S,,Mo-Su 09:00-21:00,,,,,
6821158588,21.4243092,41.9942446,restaurant,Davidoff,,,,,,,
6821158686,21.4346330,41.9976507,cafe,Mulliri,,Mo-Su 11:00-23:00,,,,,
6821158695,21.4303890,41.9939851,cafe,MIG,,Mo-Su 09:00-21:00,,,,,
6827032731,21.4415279,42.0027517,restaurant,Pizzeria Bik,,,,,,,
6827032732,21.4381580,42.0009497,cafe,Gallery 7,,Mo-Su 09:00-21:00,,,,,
6827032733,21.4380383,42.0011296,restaurant,Old Balkan,,,,,,,
6827072094,21.4406076,42.0027924,cafe,,,,,,,,
6827074010,21.4402065,42.0027827,cafe,Sultan Kejf,,,,,,,
6827076186,21.4371206,42.0025774,restaurant,Kursumli An,,,,,,,
6830542389,20.8212699,41.4795038,restaurant,,,,,,,,
6831632793,20.8003256,41.1145687,restaurant,Alpi,,,,,,,
6831648796,20.8078783,41.1119760,restaurant,Leopard,,,,,,,
6831648800,20.8056915,41.1103498,restaurant,Amfora,,,,,,,
6831648812,20.8006165,41.1146792,cafe,,,,,,,,
6831648815,20.8043172,41.1133950,cafe,Fabrique,,,,,,,
6831648890,20.8070573,41.1122508,restaurant,Centro,,,,,,,
6831648891,20.8107333,41.1139038,restaurant,Pizzeria,,,,,,,
6833100785,20.8049184,41.1117071,restaurant,Europa,,,,,,,
6833101187,20.8003342,41.1140454,cafe,,,,,,,,
6833103493,20.7998314,41.1163114,cafe,Una caffe,,,,,,,
6834463391,20.8097800,41.1069136,restaurant,Orfej,,,,,,,
6837039792,20.7980830,41.1168925,cafe,,,,,,,,
6837039793,20.7981895,41.1169490,cafe,,,,,,,,
6837039887,20.8066516,41.1079577,restaurant,Madera,,,,,,,
6879115187,21.4147527,41.9906887,cafe,,,Mo-Fr 07:30-18:00; Sa 09:00-15:00,,,,,
6967285685,21.4246771,41.9979406,cafe,,,Mo-Th 09:00-00:00; Fr-Sa 09:00-01:00; Su 17:00-00:00,,,,,
7001354685,21.4009703,42.0030579,restaurant,Буре лептокарија,,,,,,,
7027229685,21.4352029,41.9932950,restaurant,Ресторан Национал,,,,,,,
7027229686,21.4283137,41.9963240,restaurant,Кај Јоле,,,,,,,
7068083385,20.8986224,41.7950145,cafe,Ирфан Кафе,,Mo-Su 05:00-00:00,,,,,
7093171485,21.4157772,42.0062237,restaurant,Рок Кафана Рустикана 2.0,barbecue;burger;american;breakfast;balkan,Mo-Sa 10:00-24:00,,,,,
7119714585,21.4134520,42.0019011,cafe,Рузвелт,,,,,,,
7121648912,22.7223932,41.1874158,cafe,Реформ,sandwich,,,,,,
7124138452,22.7224768,41.1839779,restaurant,Тоби,,,,,,,
7124138462,22.7229174,41.1835605,restaurant,Ресторан Вавилон,pizza;greek,Mo-Su 08:00-23:00,,,,034225122,
7124138463,22.7230699,41.1833727,restaurant,Боеми,,Mo-Su 08:00-23:00,,,,,
7124138464,22.7232486,41.1834248,restaurant,Казабланка,,,,,,,
7124138465,22.7233718,41.1830341,restaurant,Нота,,,,,,,
7130929832,21.4147058,42.0046693,restaurant,Скадарлија,international,,,no,,+38923052717,https://restoran-skadarlija-skopje.business.site/
7139002050,21.5433240,41.9941669,cafe,Дени Интернационал,,,,,,,
7184137085,20.5878142,41.2404084,restaurant,Ресторан Република,barbecue;balkan,Mo-Su 10:00-23:00,,,,,
7236691788,21.3316890,42.0028070,restaurant,,pizza,,,,,,
7316834012,20.9705086,42.0087985,restaurant,CITYGRILL Tetove,,Mo-Su 08:00-23:00,,,,+38972695000,
7373066578,22.2005392,41.7497668,cafe,Timeout,,,,,,,
7373084433,22.1979387,41.7482188,restaurant,Tornado Lounge Bar,,,,,,,
7500424555,21.3563369,41.2047360,restaurant,Kaj Zlate,,Mo-Su 11:00-00:00,,,,,
7677567993,21.4983581,41.2884762,cafe,Фреш,,,,,,,
7714773224,20.9544522,41.5079104,cafe,Cafe City,,,,,,,
7714773225,20.9632525,41.5120219,restaurant,Pizzeria Yahoo,,,,,,,
7714773227,20.9575863,41.5110368,restaurant,Lounge Bar Bacardi,,,,,,,
7714773228,20.9586947,41.5106546,restaurant,Lounge Bar New Age,,,,,,,
7714773229,20.9595450,41.5093546,cafe,Harely Bar,,,,,,,
7714773230,20.9609900,41.5095992,cafe,Checkin,,,,,,,
7724657485,21.0605131,40.9718757,restaurant,Sunset Restaurant,balkan,,,,,,
7783659086,20.9085717,41.7912806,restaurant,Burektore Saq,,,,,,,
7806889866,20.9741250,42.0079719,cafe,Playcademy,,Mo-Su 08:00-23:00,,,,,
7836016446,21.9401845,41.8645123,restaurant,Пицерија Леа,pizza,,,,,,
7836016447,21.9403876,41.8644909,cafe,Plaza Café,,,,,,,
7836016448,21.9405999,41.8644634,cafe,Fenix Caffe,,,,,,,
7836016476,21.9427115,41.8650539,restaurant,Пицерија Ти Амо,pizza;coffee_shop;burger;grill;wine;beer,Mo-Su 08:00-24:00,,,,032 444 4446,https://picerijatiamo.mk/
7841117297,21.9409496,41.8652553,restaurant,,,,,,,,
7841117318,21.9424303,41.8658394,restaurant,Пијано Бар,,,,,,,
7841139197,21.9380764,41.8652262,restaurant,,,,,,,,
7841139205,21.9382664,41.8651235,cafe,Plan B,,,,,,,
7888434356,21.3137576,41.8128659,restaurant,Река,,,,,,,
7904816925,21.9422174,41.8679289,restaurant,Тивка Ноќ,,,,,,,
7904816926,21.9420944,41.8680609,restaurant,Швајцарија,,,,,,,
8016032986,21.7183287,42.1361939,cafe,LIFE coffee,,,,,,,
8038054269,21.7185297,42.1298965,cafe,Park Cafe,coffee_shop,,,,,,
8043798050,21.5555893,41.3330606,cafe,Хиве Кафе,coffee_shop;ice_cream;dessert,Mo-Sa 08:00-00:00,,,,+38975545010,https://www.facebook.com/Hive-Caf%C3%A9-106410158201791
8043810920,21.5382215,41.3503836,restaurant,Делфина,macedonian,,,,,+38948410300,https://www.facebook.com/%D0%A0%D0%B5%D1%81%D1%82%D0%BE%D1%80%D0%B0%D0%BD-%D0%94%D0%B5%D0%BB%D1%84%D0%B8%D0%BD%D0%B0-1402052980039316/
8043957655,21.5555548,41.3332719,restaurant,Кермес,macedonian,,,,,+38948410192,
8043957656,21.5551002,41.3466818,restaurant,Ла Страда (Калипсо),pizza;macedonian,,,,,+38975410645;+38948414212,https://www.facebook.com/lastradabycalypso/
8043957657,21.5539582,41.3465843,restaurant,Леоне,macedonian;pizza,,,,,+38948418282,https://www.facebook.com/LeonePrilep/
8094057485,21.4097614,41.9974684,restaurant,Сидро,,,,,,,
8121684194,21.4297974,41.9932519,cafe,Cafe Barcelona,,Mo-Sa 08:00-18:00,,,,,
8140186253,22.4105172,41.9174546,cafe,Меџик,,,,,,,
8140186254,22.4105100,41.9176467,cafe,Либеро,,,,,,,
8140186255,22.4097224,41.9182427,cafe,Сити Ин,,,,,,,
8188528781,21.4302080,41.9929511,cafe,Joy Café & Bakery (Centar),bakery;sandwiches;coffee_shop,,,,,,
8375206948,20.9446443,42.0241791,restaurant,Restaurant Anes Lumit,,,,,,,
8434486650,21.5156883,41.9395950,restaurant,PIZZA Bellucci,pizza;italian,Mo-Sa 10:00-00:00,yes,,,+389 77 838 838,https://www.facebook.com/232325386663/posts/%D0%BF%D0%B8%D1%86%D0%B5%D1%80%D0%B8%D1%98%D0%B0-pizza-bellucci-%D0%B4%D1%80%D0%B0%D1%87%D0%B5%D0%B2%D0%BE%D0%B1%D0%B5%D1%81%D0%BF%D0%BB%D0%B0%D1%82%D0%BD%D0%B0-%D0%B4%D0%BE%D1%81%D1%82%D0%B0%D0%B2%D0%B0-%D0%B7%
8496716622,21.2703581,41.9843164,cafe,Burektore Bleta - ES,,,,,,,
8537993721,22.1942593,41.7385022,restaurant,,,,,,,,
8537993725,22.1941588,41.7373569,restaurant,,turkish,,,,,,
8601528017,20.8040422,41.1162839,restaurant,,,,,,,,
8745631651,21.4276555,41.9942708,restaurant,Paradise Food,,Mo-Th 08:00-20:00; Fr 08:00-16:00; Su 08:00-20:00,,,,+389 76 424 104,https://www.facebook.com/paradisefood.mk/
8792003923,20.6352894,41.0975365,restaurant,Езерски Рај,fish,,,,,,
8807124420,21.3855189,42.0091204,restaurant,Кај чичо 2,,Mo-Sa 09:00-24:00; Su 12:00-20:00,yes,,,,
8837787973,21.9437258,41.5789610,restaurant,Kaj лаки,,,,,,,
8837791824,21.5546033,41.3461470,cafe,,,,,,,,
8867388917,20.8393878,41.7320073,cafe,Конак,,,,,,,
8868720618,21.2626435,41.0345273,restaurant,Villa Vista,,,,,,+38947220050,
8869214018,20.6001802,41.6613807,restaurant,,,,,,,,
8898613842,20.9858556,42.0078705,cafe,,,,,,,,
8905635710,21.4408895,41.9909456,restaurant,,,,,,,,
8909816031,21.3366265,41.0266555,restaurant,Буре,,,,,,,
8909816032,21.3367926,41.0266703,restaurant,,,,,,,,
8909816034,21.3365076,41.0273766,restaurant,Равена,,,,,,,
8909816035,21.3371573,41.0270204,restaurant,Корзо,,,,,,,
8910471474,21.3374821,41.0282053,restaurant,Бела Куќа,,,,,,,
8911858261,21.3157954,41.0245246,restaurant,Качунка,,,,,,,
8914478117,22.5614881,41.3182388,cafe,,,,,,,,
8914478118,22.5609678,41.3180505,cafe,,,,,,,,
8914478318,22.5611301,41.3182539,cafe,,,,,,,,
8914478617,22.0193061,41.4346436,cafe,,,,,,,,
8917369148,21.3332703,41.0311459,cafe,Coffee shop,,Mo-Sa 09:00-22:00,,,,,
8946930217,20.7579455,41.7026712,restaurant,Lounge Bar Mavrovo,,,,,,,
8948359876,21.4542028,41.9866451,restaurant,Equilibrium,,,,,,,
8990283203,21.3355359,41.0264068,restaurant,Гала Гарден,,,,,,,
9025096216,21.2489932,41.3687312,cafe,,,,,,,,
9038574017,20.7986382,41.1126502,restaurant,,,,,,,,
9040234627,20.8048774,41.1130145,restaurant,oTTo,sushi,11:00,yes,,,+38976203108,https://www.facebook.com/otto.good.mood.food
9062216725,21.7219653,42.1238452,restaurant,Екслузив Бастион,,,,,,+38970334174,
9161033019,20.8013591,41.1166832,restaurant,Corner,,,,,,,
9161046817,20.8000296,41.1182878,restaurant,Kaj Tzitzo,,,,,,,
9163117743,21.4059250,41.9986280,cafe,Plato Coffee 2.0,,,,,,,
9178548996,21.4118885,41.5311071,cafe,Caffe Sadiku,,,,,,,
9200216156,20.7986294,41.1162475,restaurant,,,,,,,,
9200216340,21.4142957,42.0006689,restaurant,Mexican street food,,,,,,,
9200216346,21.4171327,41.9970550,restaurant,Boko,,,,,,,
9200216438,21.4245361,41.9949215,cafe,Lafe,,,,,,,
9200216442,21.4326376,41.9899157,cafe,,,,,,,,
9200216443,21.4355656,42.0010222,cafe,Coffee corner,,,,,,,
9200216723,20.7915880,41.1108108,restaurant,Potpes,,,,,,,
